OverTime,JobLevel,TotalWorkingYears,Age,MaritalStatus_Single,YearsInCurrentRole,MonthlyIncome,JobRole_Sales Representative,YearsAtCompany,JobInvolvement,JobSatisfaction,EducationField_Technical Degree,JobRole_Laboratory Technician,EnvironmentSatisfaction,JobRole_Research Director,C0,C1,Attrition
0,4,32,50,False,4,0.8642691415313225,False,5,3,4,False,False,4,True,20.25212148401895,-4.2098005820579285,0
0,2,7,36,False,2,0.20734022358152288,False,3,3,2,False,False,2,False,-6.384133485664986,-3.69431557414414,0
0,1,1,21,True,0,0.08806159038177601,True,1,3,2,False,False,2,False,-21.507397769547197,1.7472729974264283,1
0,3,18,52,True,6,0.4975743514026577,False,8,3,2,False,False,2,False,13.823606997261741,-5.840632485156439,0
1,3,15,33,False,6,0.6644695211980595,False,7,3,3,False,False,2,False,-1.427239186646716,4.147056678797194,1
1,3,28,47,False,11,0.4916684243830416,False,22,2,2,False,False,3,False,21.805220432259205,10.662098260000192,0
0,2,4,22,False,2,0.1985867960345919,False,2,2,4,False,False,4,False,-18.2137559619996,3.314676378285901,0
1,2,7,33,False,5,0.22985657034380935,False,6,3,4,False,False,3,False,-7.070276363102177,1.2555713092564726,0
0,3,15,40,False,11,0.5191942628137524,False,12,2,4,False,False,3,False,5.665463686243044,5.2358141100040605,0
0,2,8,27,True,2,0.21419531744357734,False,6,1,4,False,False,4,False,-11.017530222977094,3.9108856867776343,0
0,1,8,40,False,0,0.07366589327146171,False,1,3,4,False,True,1,False,-3.9934160317052445,-7.983303089473766,0
0,3,23,55,False,2,0.5255747732545877,False,3,3,2,False,False,4,False,16.936971138811643,-11.37473500758023,0
1,1,5,33,True,2,0.06876186458553048,False,2,2,2,False,False,1,False,-10.10186028586152,-3.0579136437530696,1
0,3,17,37,False,1,0.5062223159670955,False,14,2,3,False,False,1,False,3.9564863729662676,4.979759748274537,1
0,5,26,46,False,4,0.9375659143640582,False,11,2,2,False,False,4,False,15.566339778432365,0.8569549779140448,0
0,2,10,38,False,8,0.47010124446319346,False,9,3,2,False,False,3,False,-0.345736965603642,2.094055705467307,0
0,2,10,30,False,2,0.19078253533009915,False,9,2,4,True,True,1,False,-6.765306717299879,4.581437651629159,0
0,2,15,36,False,12,0.23186036701117907,False,15,1,4,False,False,4,False,3.909289674289063,9.967726126782273,0
0,5,21,40,True,8,0.9926175912254798,False,21,3,2,False,False,2,False,11.91768081091599,11.513099275341956,0
0,4,22,53,False,13,0.7299620333263025,False,17,3,3,False,False,3,False,20.95736845723801,3.201251090793356,0
0,2,10,32,False,5,0.2352351824509597,False,9,3,2,False,False,4,False,-4.930780678031422,4.515721862196184,0
1,2,4,55,False,2,0.15956549251212826,False,3,3,3,False,False,4,False,4.733738346888799,-15.688580949434447,0
0,2,11,30,True,4,0.2679814385150812,False,5,1,4,False,False,3,False,-7.037811099582644,2.9000584345863967,0
1,1,1,23,False,0,0.031217042817970886,False,0,4,1,False,True,3,False,-20.440152073007635,-0.12484655299920888,1
0,2,10,51,False,0,0.2701434296561907,False,1,2,3,False,False,2,False,4.909049215458104,-14.045735972951368,0
1,2,8,42,False,3,0.26645222526893064,False,4,2,4,False,False,4,False,-1.1743295822377036,-5.979712544794419,0
1,1,1,20,True,0,0.0,False,1,3,3,False,False,4,False,-22.194513938818297,2.345118730988501,1
1,1,6,29,False,4,0.06111579835477747,False,5,1,4,False,False,2,False,-10.983812236037569,2.336302374157949,0
0,4,25,43,False,10,0.702752583843071,False,25,2,2,False,False,1,True,17.993949856719624,14.038829064271747,0
1,2,16,40,False,1,0.17997257962455177,False,1,2,4,False,False,3,False,1.3385763302612759,-5.753803565463281,0
0,1,10,29,False,8,0.11189622442522675,False,10,3,4,False,True,2,False,-6.297087799859611,8.092675177410822,0
1,1,6,44,False,3,0.07029107783168108,False,5,3,2,False,False,3,False,-0.8470588492050268,-7.007658448920045,1
0,4,26,47,False,17,0.8521408985446108,False,20,3,3,False,False,1,True,20.935883093962694,11.223321432600953,0
0,2,10,32,False,8,0.22674541236026158,False,10,3,4,False,True,1,False,-4.163232051925249,6.346870110245744,0
0,1,8,38,True,0,0.08489770090698166,False,0,3,1,False,False,3,False,-5.675428843936892,-7.479802057594176,0
1,2,12,58,False,3,0.2452541657878085,False,5,1,3,False,False,4,False,12.661212318694254,-13.94408069641546,0
1,3,10,45,False,1,0.441415313225058,False,3,3,4,True,False,2,False,1.6261507064520941,-8.707868416932778,0
0,4,30,56,False,7,0.5322716726429023,False,10,3,4,False,False,3,False,25.06533560661967,-3.7527274325313424,0
0,2,6,37,False,3,0.44906137945581104,False,6,1,4,False,False,3,False,-5.266523801276616,-2.1076443745050497,0
0,3,9,39,True,7,0.36231807635519936,False,8,4,3,False,False,1,False,-0.6860889527609331,0.2620008800846634,0
0,3,13,54,False,4,0.5102826407930816,False,9,2,3,False,False,3,False,12.005383542358658,-8.245282612579237,0
0,1,10,32,True,7,0.15903817759966254,False,8,3,3,False,True,4,False,-5.010524492037245,4.57403870754173,0
0,3,15,48,False,0,0.6061484918793504,False,0,3,3,False,False,1,False,5.815755373268381,-11.761823915643943,0
1,2,6,33,False,5,0.23618434929339804,False,6,4,2,False,False,3,False,-7.709614757585285,1.014043942104454,0
1,2,12,31,False,7,0.27225268930605356,False,7,1,3,False,False,2,False,-4.638281731725598,5.014981904999699,1
0,3,24,46,False,13,0.4979962033326303,False,24,3,1,False,False,2,False,19.48644013081239,12.44860872436493,0
0,2,10,38,False,2,0.24973634254376714,False,2,3,4,False,False,4,False,-3.403687492699916,-4.871589897604261,0
0,2,16,38,False,13,0.1809217464669901,False,15,3,2,False,False,4,False,6.072061123486797,9.362158698173236,0
1,2,10,43,False,9,0.36057793714406244,False,10,3,4,False,False,4,False,3.5395011106678282,0.17491699368137148,0
1,1,4,37,False,2,0.06944737397173592,False,4,3,4,False,False,2,False,-7.381578803902187,-4.324809953686314,0
0,2,11,30,False,10,0.16573507698797724,False,11,2,4,False,False,3,False,-4.2846001760182375,9.20094728747307,0
1,4,21,39,False,9,0.8497152499472685,False,19,2,2,False,False,3,False,10.703964314500894,11.123690630129126,0
0,5,21,43,False,12,0.9693630035857415,False,16,2,3,False,False,1,False,13.077524527765739,7.933721583539448,0
0,2,9,27,True,6,0.30594811221261337,False,7,2,1,False,False,4,False,-9.460080745906481,6.314488247821244,0
0,2,10,42,True,4,0.2760493566758068,False,5,2,3,False,False,3,False,0.558596372877723,-4.485562142324232,0
0,1,4,31,False,2,0.15655979751107363,False,2,4,3,False,True,1,False,-12.10935834804603,-2.0985421067925856,0
1,1,8,39,False,2,0.07356043028896857,False,2,3,1,False,True,4,False,-4.078400925020254,-5.976263376918455,1
0,4,9,29,False,7,0.7970364901919427,False,7,2,4,False,False,4,True,-7.768017275090269,5.610627828458854,0
1,5,22,49,True,2,0.9310272094494833,False,3,3,1,False,False,3,True,12.332743185298732,-7.944343207626039,0
0,1,20,38,True,0,0.09750052731491247,True,1,2,1,False,False,1,False,2.2853360358103885,-4.099416402039298,0
0,4,16,42,True,0,0.7900759333473951,False,1,3,4,False,False,1,True,2.718829968008201,-7.246090447928397,0
0,3,9,34,False,7,0.4017612318076355,False,8,3,3,False,False,4,False,-4.118568998617981,3.2419026935050024,0
1,2,17,36,False,8,0.2940835266821346,False,16,3,4,False,False,3,False,4.876474462000353,9.54831806006349,0
0,2,5,27,False,2,0.175754060324826,False,4,3,4,False,False,3,False,-13.53346931775453,1.8935523976778743,0
0,3,20,40,False,0,0.5232545876397384,False,1,1,1,False,False,3,False,3.8130929612337496,-5.207345690866516,0
1,3,10,34,False,9,0.3202910778316811,False,10,2,3,True,False,4,False,-2.5684335958816504,5.577928306817132,0
0,3,10,43,False,0,0.4733178654292344,False,1,3,1,False,False,3,False,-0.5100911060127444,-9.25823381790274,0
0,3,13,31,False,7,0.5159249103564649,False,13,3,4,False,False,1,False,-2.0935317333980734,9.28338298912223,0
0,1,12,41,False,3,0.09349293398017296,False,5,3,4,False,False,4,False,0.9248021446650867,-3.8615559392936323,0
0,2,10,31,False,8,0.21060957603881042,False,10,1,1,False,False,4,False,-4.852816814326573,6.932991937476933,0
0,2,12,45,True,2,0.23149124657245307,False,4,3,3,False,False,2,False,3.2833794948544437,-7.2593703468063655,0
0,2,9,33,True,7,0.19368276734866063,False,7,2,4,False,False,2,False,-5.183719275031095,3.1430594760634794,0
0,2,17,36,False,2,0.08236658932714618,False,5,4,4,False,True,3,False,0.5974549456232694,-0.1077453873578964,0
0,1,14,33,False,11,0.053733389580257335,False,14,4,2,False,True,2,False,0.677480443606882,10.41368567094418,0
0,1,5,31,False,2,0.10029529635098079,False,5,3,3,False,False,1,False,-10.552746864833416,0.1388053198782213,0
0,1,1,19,True,0,0.06939464248048935,True,0,1,1,True,False,3,False,-23.18924801309275,2.2767128213743213,1
0,1,5,32,False,1,0.09412571187513182,False,5,4,2,False,True,2,False,-10.029724354297596,-0.8569409503038461,0
0,2,18,36,True,9,0.3569921957392955,False,11,3,4,False,False,1,False,4.1488994655735425,6.818540066004516,0
0,2,19,37,False,0,0.16146382619700483,False,10,3,2,False,False,3,False,3.7800333969032565,2.319093278885733,0
1,1,1,29,False,0,0.06907825353300992,False,1,2,1,False,True,2,False,-16.016110536547828,-3.0183698461114847,1
0,1,11,29,False,5,0.07936089432609154,False,7,3,4,False,False,3,False,-7.029826759551497,5.166648782100362,0
0,5,21,41,False,16,1.0,False,21,1,3,False,False,2,True,13.848627858408427,14.004495406038973,0
1,2,12,30,False,9,0.28148070027420374,False,11,3,4,False,False,3,False,-3.7999990237849275,9.040452282910733,0
0,3,9,39,True,3,0.6567707234760599,False,4,3,3,False,False,3,True,-2.5108193439244673,-3.9328574405084655,0
1,1,1,22,False,0,0.07324404134148914,False,1,3,1,False,True,3,False,-20.82167183782068,1.1444896355321301,1
0,2,6,31,False,4,0.1759122547985657,False,5,1,3,False,False,3,False,-9.539593681206611,1.1743735252892762,0
0,4,26,45,False,3,0.8775047458342122,False,9,3,4,False,False,4,False,14.047335156333013,-0.2988249805101475,0
0,2,19,42,False,4,0.1870385994515925,False,5,3,3,False,False,1,False,6.310580861734813,-2.4569492215736677,0
0,3,10,31,False,9,0.41837165155030587,False,10,2,3,False,False,3,False,-4.620468485483585,7.363964909303814,0
0,2,13,51,False,1,0.23586796034591861,False,4,1,2,False,False,4,False,7.884459848954769,-10.988957086519013,0
0,2,14,34,True,9,0.228538283062645,False,13,2,1,False,False,4,False,0.8210807792527675,8.425214949089806,0
0,4,10,33,True,8,0.8666420586374183,False,10,3,3,False,False,4,False,-3.330670279818115,5.821049904712979,0
0,2,15,40,False,8,0.24615060113900022,False,11,3,2,False,False,2,False,4.8250159876122325,3.3649122123217943,0
1,3,10,33,False,8,0.38868382197848556,False,9,4,3,False,False,4,False,-3.7101381023165487,5.109752183261609,0
0,2,6,34,False,5,0.24810166631512343,False,6,3,3,False,False,2,False,-7.01864366516487,0.43013747330386387,0
0,1,10,34,False,9,0.08869436827673487,False,10,3,4,False,False,2,False,-2.705811067451293,5.500071418739856,0
1,3,9,30,False,7,0.5487766294030796,False,8,4,1,False,False,2,True,-6.851564819637705,5.621646162389912,0
1,2,9,45,False,8,0.13836743303100613,False,9,3,1,False,True,4,False,3.8031511216148246,-2.3147916140572313,0
0,3,9,37,False,5,0.41262391900442946,False,9,3,2,False,False,1,False,-2.057174874380948,1.358524219661728,0
0,2,13,31,False,7,0.3447584897700907,False,7,3,4,False,False,4,False,-4.00016975507512,5.229278435837008,0
0,1,8,32,True,7,0.10857414047669268,False,7,3,4,False,True,4,False,-6.591250028195894,3.46078358734108,0
1,1,7,30,False,2,0.05921746466990087,False,5,3,3,False,False,1,False,-9.965131782981711,1.1862373500488168,1
0,2,10,33,False,3,0.23027842227378192,False,5,4,1,False,False,3,False,-5.768080365865149,0.47431049070781306,0
1,3,10,38,True,0,0.36131617802151444,False,1,3,3,False,False,3,False,-3.948441416439259,-6.270278608026478,0
0,2,17,41,False,0,0.10878506644167897,False,1,3,1,False,False,3,False,2.5077741950874923,-6.531211186054927,0
0,3,18,51,True,2,0.508384307108205,False,4,1,4,False,False,1,False,11.307754700001013,-9.423596259750942,1
0,2,13,38,False,3,0.27836954229065597,False,4,2,1,False,False,1,False,-0.7221053668464634,-2.4808456594462314,0
0,2,9,27,False,8,0.13346340434507487,True,9,2,3,False,False,2,False,-8.54125526557156,8.432349247310711,0
0,4,33,53,True,9,0.6995359628770301,False,12,3,4,False,False,4,True,25.841257324711307,0.8134533960234158,0
0,2,4,30,False,1,0.226323560430289,False,2,3,3,False,False,4,False,-12.877717681668994,-1.845225163364974,0
0,1,1,30,True,0,0.0037966673697532177,True,1,3,4,False,False,2,False,-15.33096400633626,-3.6046412092949485,1
0,1,7,30,False,2,0.1489137312803206,False,2,1,3,False,True,4,False,-10.888783049102493,-0.8184837783355121,0
1,5,32,58,False,8,0.9856570343809323,False,9,3,1,False,False,4,True,27.643850893124807,-4.749056140617876,0
0,2,16,34,False,1,0.45960767770512556,False,15,4,4,False,False,2,False,1.4912977805108483,7.163612067515607,0
0,2,18,51,False,7,0.20707656612529002,False,7,3,4,False,False,3,False,12.915624543049915,-5.55925635083045,0
1,4,21,39,False,9,0.8468150179287071,False,21,3,1,False,False,3,False,11.312164764240272,12.44853547596025,0
0,3,10,36,True,3,0.47305420797300146,False,10,3,4,False,False,2,False,-2.113415316116928,2.088087672160798,0
1,2,13,32,False,12,0.22247416156928917,False,13,2,2,True,False,3,False,-0.7228756744441824,10.555447234888694,0
0,1,18,56,False,4,0.10192997257962456,False,5,3,3,False,False,1,False,15.207399948447495,-11.062294334407769,0
0,2,13,57,False,9,0.20517823244041344,False,12,4,3,False,False,2,False,15.673504803802778,-6.163612700971788,0
0,4,32,57,False,0,0.6912571187513183,False,1,2,4,False,False,1,False,23.218178346997313,-12.577371656798976,0
1,1,5,40,True,2,0.07029107783168108,False,4,2,4,False,False,4,False,-4.694492675062982,-5.889169721303157,0
0,1,1,23,False,0,0.04118329466357308,True,1,3,1,False,False,4,False,-20.135794382549683,0.5474569966813156,1
0,3,11,53,False,3,0.31617802151444846,False,4,4,4,False,False,2,False,8.367637269623586,-11.826451343426276,0
0,1,4,38,True,3,0.07545876397384517,False,4,2,2,False,True,4,False,-6.557475879118513,-4.556089139405634,0
0,1,8,36,False,2,0.059797511073613155,False,5,3,2,False,False,3,False,-5.212874390581586,-2.1752492521055977,0
0,3,11,29,False,10,0.3643218730225691,False,11,3,4,False,False,2,False,-4.89408904042218,9.833734441332645,0
0,3,20,38,False,16,0.6431659987344442,False,18,1,3,False,False,2,True,10.090813029523417,13.483742921311972,0
0,3,25,47,True,14,0.4020248892638684,False,17,3,3,False,False,1,False,18.831376038876535,7.7960286580306475,0
0,2,10,32,False,4,0.20428179708922167,False,10,3,3,False,True,4,False,-4.786545739518807,4.802216857775658,1
0,2,6,36,True,5,0.2894958869436828,False,6,2,2,False,False,2,False,-5.651674630400443,-0.7639055727130764,0
0,2,20,49,True,3,0.1726956338325248,False,4,2,1,False,True,1,False,11.280490706684084,-7.465191271063626,1
0,1,6,34,True,5,0.17781058848344233,False,6,2,1,False,False,3,False,-7.1000209158952075,0.38061780203542206,0
0,2,9,39,True,7,0.18587850664416788,False,8,3,3,False,False,1,False,-0.7602718113743094,0.22766271679143912,0
0,3,12,30,True,8,0.3936405821556634,False,11,2,3,False,False,3,False,-3.8853577933191232,8.692382881296867,0
0,3,14,51,False,2,0.5055368065808902,False,4,3,2,False,False,2,False,8.756919802581677,-10.346097640208528,0
0,2,10,60,True,2,0.2318076355199325,False,2,3,1,False,False,1,False,11.69262850026346,-17.991126581998863,0
0,2,12,50,False,3,0.3015713984391479,False,6,3,3,False,False,2,False,7.4834025633752645,-8.516571852310092,1
0,1,8,45,False,4,0.05921746466990087,False,5,3,4,True,False,4,False,1.2693337100562871,-6.759959147988253,0
0,3,37,56,True,4,0.3296245517823244,False,6,1,4,False,False,4,False,27.771255508134416,-6.030436317374027,0
0,3,12,46,False,8,0.39912465724530694,False,9,3,4,False,False,4,False,6.489868350850486,-2.175759872273055,0
0,1,7,42,False,3,0.09264923012022781,False,5,3,2,False,True,2,False,-1.5835075301688804,-5.593370438601655,0
0,3,19,60,False,0,0.5206707445686564,False,1,1,4,False,False,3,False,16.9021223968997,-17.332112024588938,0
0,3,34,53,False,7,0.48302045981860364,False,33,2,4,True,False,3,False,32.486400150687075,14.266127212789076,1
0,2,10,39,False,0,0.2184138367433031,False,10,3,1,False,False,1,False,-0.5864788024392453,-0.8997802987068422,0
0,5,29,48,False,10,0.9837587006960558,False,22,2,2,False,False,4,True,23.133648177907176,9.990408355135493,0
0,2,7,37,False,4,0.2896540814174225,False,5,3,4,False,False,3,False,-4.7807543859133474,-2.1793693078269403,0
1,2,12,41,False,2,0.23507698797722,False,6,3,4,False,False,4,False,1.146777256405933,-3.535732746120809,0
0,1,3,21,True,2,0.08442311748576249,True,3,3,4,False,False,1,False,-19.310836168211228,4.312688652523205,0
0,2,8,32,False,2,0.1789706812908669,False,5,3,4,False,False,2,False,-7.8810907770504635,0.260606151589883,0
1,1,7,37,True,0,0.057002742037544823,False,0,2,3,False,True,4,False,-7.009627234457557,-7.09780463558611,1
0,3,24,45,False,9,0.2215249947268509,False,24,3,1,False,True,1,False,18.17597911744214,11.50923243754068,0
1,3,16,41,True,0,0.6634676228643747,False,1,3,4,False,False,4,False,1.942688739618582,-6.70061741151749,0
1,2,18,42,False,0,0.07187302256907825,False,1,4,2,False,False,2,False,3.83308234337035,-6.897946286712189,0
0,2,10,42,False,7,0.3066863530900654,False,9,3,2,False,False,3,False,2.242772159183481,-0.6734349106696147,0
0,1,1,24,False,0,0.05399704703649019,True,1,3,2,False,False,4,False,-19.44856159919751,-0.04272785034350157,0
1,2,6,33,True,2,0.3804577093440203,False,5,3,1,False,False,1,False,-8.47505422876515,-0.7991365895548945,1
0,2,12,43,False,2,0.2400864796456444,False,5,3,4,False,False,4,False,2.2168184615230686,-5.396642934137196,0
0,1,3,38,False,1,0.08832524783800887,False,2,3,3,False,False,3,False,-8.096982472836363,-6.873753692376388,0
1,2,14,33,True,0,0.28364269141531323,False,0,3,3,False,False,4,False,-5.205865457715689,-3.0994427905019304,0
1,3,35,53,False,2,0.5233600506222316,False,5,2,4,False,False,1,False,23.83734980183401,-6.119342617242667,0
0,3,18,43,False,7,0.5173486606201223,False,8,3,1,False,False,3,False,7.803677174202043,-0.10071350534783718,0
1,1,10,42,False,6,0.08352668213457078,False,9,2,1,False,True,4,False,2.002583044571537,-1.10123855701109,0
1,1,7,29,False,7,0.058531955283695425,False,7,1,1,False,True,2,False,-9.28422325721774,5.025678769277112,1
0,2,11,29,False,7,0.1753849398861,False,8,3,3,False,False,2,False,-6.343670796004723,6.636219868657357,0
0,1,8,37,False,0,0.10614849187935034,False,1,3,2,False,False,2,False,-6.048880336349434,-6.205390693798458,0
1,5,28,50,False,3,0.905030584264923,False,8,3,2,False,False,1,True,18.53362402268489,-3.453733289814428,0
0,2,4,29,False,3,0.19194262813752372,False,4,3,3,False,False,4,False,-12.648026924657561,0.8517746783802487,0
1,3,15,33,True,14,0.6564543345285805,False,15,3,4,False,False,1,True,2.2447847479895913,12.563518624559437,0
0,4,31,55,True,7,0.8303627926597764,False,9,2,1,False,False,3,False,24.709882371058256,-3.610806568656587,0
0,3,16,51,False,9,0.6054102510018984,False,10,2,2,False,False,2,True,12.946172762609017,-3.1968620525632208,0
0,1,10,30,False,7,0.0845813119595022,False,10,1,3,False,False,1,False,-5.757781809245412,7.125056327051878,0
0,5,23,49,False,0,0.9334528580468255,False,1,2,3,False,False,1,False,12.058796357786896,-9.803411835128793,0
1,2,20,47,False,10,0.21398439147859105,False,19,4,3,False,False,3,False,15.558777172362355,6.428053797163674,0
0,1,1,31,True,1,0.07867538493988609,False,1,3,2,False,False,3,False,-14.487428067045506,-3.82967840063297,0
0,1,7,47,True,2,0.05779371440624341,False,2,3,3,False,True,2,False,0.7758942014136068,-10.956225851904653,0
0,1,2,58,False,2,0.07187302256907825,False,2,3,3,False,False,1,False,5.147791508549304,-18.627347510187036,0
0,5,23,41,False,15,0.977430921746467,False,22,3,3,True,False,2,True,15.274628209806856,14.732252709540067,1
0,1,5,29,True,4,0.1463826197004851,False,5,2,1,False,False,4,False,-11.630376717485554,2.080911100472946,0
1,1,20,50,False,8,0.11664205863741826,False,20,4,3,False,True,4,False,17.532729350251927,4.497557090392826,0
0,1,6,32,True,2,0.09639316599873445,False,6,2,2,False,True,3,False,-8.941192335366082,0.4246458226382579,0
1,5,23,44,False,7,0.951276102088167,False,22,3,4,False,False,2,True,16.101965222641553,9.885315685958822,0
0,1,7,38,False,6,0.09676228643746045,False,7,4,3,False,False,3,False,-3.2526482530247947,-0.7243164761259742,0
0,1,1,45,True,0,0.06670533642691415,False,1,2,3,False,False,2,False,-5.031371372740349,-12.540600235578543,0
0,3,28,46,False,2,0.5018983336848766,False,2,3,3,False,False,1,False,13.654349901302275,-5.541487746101682,0
1,1,6,34,False,0,0.10140265766715882,False,5,4,4,False,False,4,False,-8.170986728077928,-2.194833915104171,0
1,2,17,55,False,7,0.2834844969415735,False,8,3,2,False,False,3,False,15.324597267993553,-7.508716169867943,0
1,1,1,19,True,0,0.10467201012444631,False,1,4,4,False,False,2,False,-22.873565188334048,2.9469110043704028,0
1,2,9,32,False,8,0.27172537439358785,False,9,3,4,False,False,1,False,-5.100346080602151,5.459365760488178,0
0,2,11,40,False,7,0.15640160303733391,False,8,3,3,False,True,3,False,1.1959497925370002,0.07607912802587968,0
1,2,11,30,False,8,0.22147226323560432,False,11,2,2,False,False,3,False,-4.594876610391928,8.426117453045647,0
0,1,13,48,False,0,0.06591436405821556,False,0,3,3,False,False,4,False,4.382017037338507,-12.300605829874835,0
0,4,22,45,False,8,0.832261126344653,False,20,2,4,False,False,1,False,15.617663277028107,8.073366233552978,0
0,1,10,29,False,7,0.09022358152288547,False,10,1,4,False,False,2,False,-6.44537308317426,7.723953825029849,0
1,2,19,46,False,13,0.1901497574351403,False,16,2,1,False,False,4,False,13.778120426516452,5.940718000305383,0
0,2,8,41,True,2,0.21060957603881042,False,2,3,3,False,False,4,False,-2.627793044227822,-7.117927026140125,0
1,1,4,41,True,3,0.11237080784644589,True,4,3,2,False,False,2,False,-4.494718521772903,-6.339087569581709,1
1,4,24,52,False,3,0.6453279898755537,False,5,4,3,False,False,4,False,16.35124773385249,-7.602631582317207,0
0,3,23,51,True,12,0.34143640582155665,False,13,2,1,False,False,1,False,18.77196344831225,1.5189433773254404,0
1,1,7,36,True,2,0.08621598818814595,True,3,3,4,False,False,3,False,-6.470726178882927,-3.7267716508949693,0
1,2,17,38,False,0,0.2986711664205864,False,1,3,1,False,False,2,False,0.45243765464419994,-4.738232684208638,1
0,2,10,31,True,2,0.22795823665893272,False,5,3,1,False,False,4,False,-7.302095611098718,1.2832543037752977,0
1,2,9,44,False,3,0.23439147859101456,False,4,3,1,False,False,2,False,0.8382169848102805,-6.963276787884157,0
0,2,10,30,False,7,0.22648175490402872,False,8,3,4,False,False,3,False,-6.2962259055238725,5.818661013931272,0
1,1,3,31,True,2,0.06818181818181818,True,3,3,2,False,False,4,False,-12.458720307823903,-1.6623556688373107,1
1,1,8,27,True,2,0.07303311537650285,False,8,3,3,False,False,4,False,-10.48413313193688,5.1925647550823495,1
0,2,5,24,False,2,0.17759966251845605,False,4,2,3,False,False,4,False,-15.595485034898644,3.6783312273463586,0
0,1,5,50,False,2,0.14137312803206076,False,3,2,3,False,True,3,False,1.8665286034203277,-12.520070396425345,0
0,2,17,39,False,11,0.25801518666947904,False,15,2,3,False,False,4,False,7.0904278466720925,8.237299039588827,0
1,2,10,30,True,4,0.19436827673486606,False,8,3,3,False,False,3,False,-6.766073462288222,4.663085009932553,0
1,2,10,30,False,8,0.21709554946213883,False,10,2,4,False,True,4,False,-5.544679597009402,7.5378377530400265,0
0,5,30,59,False,2,0.9404661463826197,False,3,2,4,False,False,3,False,24.301389403991458,-12.082599351708565,0
0,3,10,36,False,7,0.5644378823033116,False,8,4,1,False,False,1,True,-2.091618703708555,2.2731727891532305,0
1,1,3,29,True,0,0.07356043028896857,False,0,2,1,False,False,4,False,-15.047038995807192,-3.2395252801261467,1
0,1,1,30,False,0,0.05399704703649019,True,1,2,1,False,False,2,False,-15.327742331774886,-3.6127987693144252,1
0,5,21,50,True,4,0.9975216199114112,False,5,3,2,False,False,3,False,13.292661565430564,-6.664529469555015,0
0,1,17,37,False,1,0.15350137101877243,False,3,2,1,False,False,3,False,0.4547244239998989,-2.4618644989873726,0
0,3,19,38,False,8,0.5827884412571188,False,10,2,2,False,False,1,True,5.78750161871146,4.843649159394001,0
0,2,16,41,True,3,0.27531111579835477,False,14,3,4,False,False,4,False,6.28564259880924,3.087167517556443,0
0,1,1,29,False,0,0.058004640371229696,False,1,2,1,True,False,4,False,-16.013432660576434,-3.0180130564531265,0
0,2,12,45,False,9,0.14174224847078676,False,10,3,4,False,False,4,False,6.186702695692055,-0.5695660021976359,0
0,2,6,29,False,3,0.2301202278000422,False,5,3,1,False,False,1,False,-11.061616973964814,1.9667953454477427,0
0,4,23,42,False,6,0.8782957182029107,False,22,3,1,False,False,4,False,14.490091432160682,10.627091505022188,0
0,5,25,48,True,0,0.9099346129508543,False,1,2,4,False,False,4,True,12.645869500319705,-8.7566007515888,0
1,1,1,20,True,0,0.10108626871967939,False,1,2,4,False,True,4,False,-22.19897633872992,2.35310656371529,1
0,3,13,31,False,8,0.5082788441257119,False,13,3,2,False,False,3,False,-1.9457892429851,9.650279168675347,0
0,2,10,41,False,2,0.2858574140476693,False,3,1,2,False,False,3,False,-1.039977118174349,-5.988738855635363,0
1,1,4,29,False,2,0.06992195739295508,False,2,2,1,False,False,1,False,-13.480692237525819,-0.9028354253471953,1
0,2,9,42,True,4,0.2186247627082894,False,6,3,1,False,False,2,False,0.22483163843060794,-4.05732175408547,0
0,2,8,36,False,3,0.2975638051044084,False,6,2,4,False,False,2,False,-4.6762971636289805,-1.0655179407587951,0
0,2,10,32,True,0,0.3019405188778739,False,0,1,2,False,False,1,False,-8.437408703419536,-3.3934259937212463,1
0,2,10,36,False,2,0.2287492090276313,False,3,3,3,False,False,1,False,-4.466266672026457,-3.010444526362397,0
0,1,8,42,False,2,0.08263024678337903,False,5,3,1,False,True,2,False,-1.1001549764652054,-5.756616614742624,0
1,4,22,43,False,13,0.7938726007171483,False,17,3,4,False,False,4,False,14.092665269309613,9.164355111229082,0
0,2,17,36,True,7,0.1841910989242776,True,13,3,4,False,False,3,False,3.7984962644307316,7.156117765539212,0
0,2,11,36,False,8,0.2459924066652605,False,9,3,2,False,True,2,False,-1.087930541938853,3.507744409454185,0
0,3,10,36,False,7,0.46029318709133094,False,9,3,4,True,False,2,False,-1.7984722981707222,2.9574786520288665,0
0,2,19,38,False,11,0.19647753638472898,False,13,3,4,False,False,4,False,7.071918347757574,7.947536842981066,0
1,1,6,33,True,2,0.0943893693313647,False,3,2,1,False,False,3,False,-9.164145131873891,-2.17502905070136,0
0,2,9,45,False,2,0.2860683400126556,False,3,4,3,False,False,1,False,1.0729737396513315,-8.602734623954072,0
0,2,9,27,True,7,0.28954861843492935,False,8,4,3,False,False,1,False,-8.993255731132905,7.372834876200761,0
1,2,16,34,True,9,0.1893060535751951,False,15,2,2,False,False,1,False,2.7111455994455795,10.22544891703534,1
0,1,6,29,False,4,0.08932714617169372,False,5,3,2,False,False,3,False,-10.984710243056018,2.3109181784969284,0
0,2,12,32,True,8,0.21097869647753642,False,11,3,3,False,False,2,False,-2.5843188203223235,7.45819677701177,0
0,4,24,44,False,6,0.8077937144062435,False,20,3,1,False,False,4,True,15.899218011999615,8.329636801232926,0
0,4,22,40,True,6,0.644800674963088,False,20,3,3,False,False,2,False,11.867926666593611,10.26908452496005,0
0,4,37,55,True,9,0.8345285804682556,False,10,3,2,False,False,1,False,29.156640151002563,-0.8205867407827014,0
0,5,21,41,False,16,0.9707867538493988,False,18,3,3,False,False,1,True,12.93790648144283,11.992500295822207,0
0,2,7,43,True,3,0.22869647753638472,False,4,1,3,False,False,1,False,-1.1245332225749323,-6.797990343344251,1
0,2,8,38,True,2,0.16816072558531953,False,3,3,2,False,False,2,False,-4.379178483727557,-4.663622247736649,0
0,1,2,29,True,2,0.09233284117274836,True,2,1,2,False,False,2,False,-14.76769405273626,-1.3495686362393489,1
1,3,17,45,False,0,0.6452225268930606,False,0,3,1,False,False,4,True,5.032226803541349,-9.535289180451345,0
0,2,5,34,False,2,0.17485762497363427,False,5,3,2,False,False,1,False,-8.422536640913417,-1.6153092316098476,0
0,1,4,38,False,2,0.08442311748576249,False,4,4,3,False,False,4,False,-6.6981837101773,-4.93773414069536,0
0,3,24,55,False,0,0.48671166420586376,False,1,3,4,False,False,1,False,16.666282618870092,-13.23292417280001,0
0,3,18,40,False,15,0.497047036490192,False,18,2,3,False,False,1,False,10.024978286374704,11.449444001487391,0
0,1,2,20,True,2,0.09064543345285804,True,2,3,1,False,False,4,False,-20.94853855184957,3.9915512814026304,0
0,1,8,33,False,3,0.12650284750052732,False,4,1,4,False,True,1,False,-7.422178612070464,-0.6493558524033975,1
1,1,8,31,False,4,0.0710293187091331,False,6,3,4,False,False,4,False,-8.034288549067085,2.2475471624324204,0
0,3,14,40,False,10,0.49108837797932925,False,11,3,4,True,False,1,False,4.5722669054501,3.9623434454234943,0
0,4,32,50,False,2,0.8883674330310062,False,2,3,1,False,False,4,False,19.020995798796505,-7.000670027882398,0
0,1,6,27,True,2,0.08284117274836532,False,4,3,4,False,False,4,False,-12.975156394745607,2.074769807047799,0
1,3,15,36,False,8,0.3855726639949378,False,12,3,1,False,False,4,False,2.45062799414157,6.446390742798045,0
0,4,35,53,True,8,0.822031217042818,False,9,4,2,False,False,4,True,26.051315207947127,-1.1378110232874743,0
0,2,10,42,False,0,0.23882092385572667,False,0,4,1,False,False,2,False,-1.5729707186530106,-9.373308700683724,0
0,2,17,37,False,0,0.21904661463826197,False,1,2,4,False,False,3,False,-0.23340453519948312,-4.125219548378565,0
0,4,22,43,False,1,0.8516135836321451,False,4,3,1,False,False,2,True,8.302567554811453,-4.119844871633736,0
0,1,1,23,False,0,0.01128453912676651,False,1,3,3,False,False,4,False,-20.128679483828634,0.5589233416006625,0
0,1,12,52,False,4,0.10235182450959714,False,5,3,1,False,True,3,False,8.620828771703707,-10.050169069378319,0
0,1,3,29,False,2,0.14506433241932082,False,3,3,4,False,False,1,False,-13.808814190914333,-0.44988782565675045,0
1,5,29,50,False,3,0.9349820712929762,False,27,2,3,False,False,2,True,24.953432839201007,9.469311771958214,0
0,2,20,42,False,16,0.20554735287913944,False,20,3,3,False,False,2,False,13.35879883201467,12.378491481068004,0
0,2,6,34,False,3,0.17902341278211348,False,4,4,3,False,True,2,False,-7.942460109963488,-1.6809735274799085,0
0,1,6,32,False,3,0.1540814174224847,True,4,3,2,False,False,3,False,-9.389209017272375,-0.5273862085039944,0
0,2,6,56,False,0,0.2304893482387682,False,0,2,1,False,False,4,False,5.476571772552937,-18.609827354472742,0
0,1,5,27,False,2,0.14801729592912888,False,5,3,2,False,True,4,False,-13.310962880154925,2.5058260003645447,0
0,1,7,40,False,3,0.12486817127188356,False,4,3,1,False,True,3,False,-3.2628552782230287,-5.077311432187786,0
0,3,17,37,False,0,0.47663994937776843,False,1,3,3,False,False,1,False,-0.15427685368367605,-4.090779518258612,1
0,1,1,33,False,1,0.05267875975532588,False,1,2,3,False,True,2,False,-13.114109503647207,-5.009304535694978,0
0,2,17,36,False,7,0.22294874499050832,False,7,3,3,False,False,3,False,1.9832511509322472,3.147149881652812,0
0,1,8,39,False,3,0.14480067496308796,False,8,3,3,False,True,3,False,-2.091586768221518,-1.5736796713430667,0
0,2,12,36,False,7,0.2146171693735499,False,7,3,4,True,False,1,False,-1.2036059964579167,2.03446328632341,0
0,2,10,36,False,7,0.22247416156928917,False,9,3,2,False,False,3,False,-1.8760299347413465,2.900655851638282,0
1,2,18,37,True,0,0.16810799409407295,False,1,3,2,False,False,3,False,0.39577378363915017,-3.9178653083135533,0
1,5,31,51,False,10,0.9933558321029319,False,29,3,2,False,False,4,False,28.58958368824112,13.319490254595419,0
0,4,27,49,False,2,0.8122758911622021,False,4,3,2,False,False,1,True,15.767161633580173,-6.177922852181327,0
1,1,6,43,False,0,0.07530056950010545,False,1,2,3,True,False,3,False,-3.212912984944438,-10.217907153294346,1
0,2,4,33,False,2,0.17364480067496307,False,3,3,2,False,False,4,False,-10.362364761164145,-2.5878391944957606,0
0,3,13,46,False,7,0.5186669479012866,False,8,3,3,False,False,4,False,6.670912383794644,-3.005754389507084,0
0,1,5,56,True,2,0.08321029318709132,False,4,3,4,False,True,1,False,6.287883117600153,-15.425033339896894,1
0,2,9,32,False,7,0.19294452647120863,False,8,1,4,False,False,4,False,-5.565274136843303,4.409724587929896,0
0,2,10,30,False,8,0.4590276313014132,False,10,2,1,False,False,2,False,-5.530373522149876,7.530500616398319,1
0,2,4,27,False,2,0.16968993883147016,False,3,3,4,False,False,1,False,-14.471659355448217,1.0053270067958984,0
0,3,18,42,False,7,0.6506538704914575,False,13,3,1,False,False,3,True,8.649671835334573,3.840689284404604,0
1,1,1,20,True,0,0.08389580257329678,False,1,2,1,False,False,4,False,-22.195058803527584,2.3401440525721693,1
0,1,4,50,False,2,0.15112845391267665,True,2,3,2,False,False,4,False,0.9219717940987309,-13.42337204748255,0
0,1,1,19,True,0,0.00490402868593124,False,1,2,4,False,True,2,False,-22.88046704102901,2.9515084053917917,1
0,1,3,31,False,2,0.10852140898544611,True,2,3,3,False,False,1,False,-12.748072044922193,-2.3158663573551266,0
0,1,3,29,False,1,0.06053575195106517,True,3,3,4,True,False,3,False,-13.975578734599903,-0.835963798799126,0
0,1,8,42,True,0,0.1560324825986079,False,0,3,3,False,True,4,False,-2.9365197719116125,-9.857551936756769,0
1,2,10,36,False,9,0.24593967517401394,False,10,2,3,True,False,2,False,-1.2637605406899084,4.352449230572949,0
1,4,22,42,True,9,0.6722737819025523,False,21,3,1,False,False,3,False,14.001217478056248,10.882275147355884,1
0,4,28,46,False,15,0.8457603881037756,False,26,3,1,False,False,3,False,23.029988149989066,15.489726336662464,0
0,4,21,39,False,9,0.5812064965197216,False,20,2,4,False,False,2,False,11.009697155583915,11.801230988431433,0
0,1,1,30,False,0,0.08879983125922801,False,1,3,3,False,True,4,False,-15.330284754017132,-3.614731590519815,0
0,2,10,36,True,4,0.25316388947479435,False,10,2,4,False,True,1,False,-2.0387344085556904,2.435027181249568,0
1,1,10,41,False,7,0.09328200801518667,False,7,1,4,False,True,2,False,0.8681370757802043,-1.4313964478096768,1
1,1,4,22,False,2,0.09518034170006327,False,4,2,3,False,False,2,False,-17.675927348162592,4.612246770685093,0
1,1,3,21,True,2,0.06143218730225691,True,3,2,2,True,False,1,False,-19.315997613959166,4.311465408737488,1
0,1,10,41,False,6,0.12481543978063699,False,10,4,3,True,False,2,False,1.6352765071391886,0.17341640192449148,0
1,3,24,45,False,7,0.5189833368487661,False,7,1,1,False,False,2,False,12.70064518968784,-0.5940992583192415,0
0,2,6,29,False,4,0.4136258173381143,False,6,3,4,False,False,1,False,-10.598111098578219,3.03562525009756,0
0,1,1,51,False,0,0.09038177599662518,False,1,3,4,False,False,3,False,-0.9095744955648968,-16.11487263496693,0
1,2,16,34,False,10,0.24984180552626029,False,15,2,4,False,False,3,False,2.8681960175041183,10.617566258982222,0
0,1,15,40,True,4,0.053206074667791606,False,5,3,1,False,True,4,False,2.292329382472971,-2.2303203023888027,1
1,3,20,42,False,0,0.6423750263657456,False,1,3,1,False,False,1,True,5.19899669222896,-6.396958477339341,0
0,3,11,39,False,6,0.3811432187302257,False,7,4,3,False,False,4,False,0.13073814870058698,-0.3428691338191001,0
0,1,7,40,False,2,0.07266399493777685,False,4,3,2,False,True,2,False,-3.414553550324605,-5.452683644875011,0
0,3,10,45,False,8,0.339168951697954,False,10,3,2,True,False,1,False,4.834698030747063,-1.3635739436307261,0
0,1,20,40,False,3,0.052309639316599876,False,5,3,3,False,False,3,False,5.344729383756473,-1.4672273764341135,0
1,3,11,34,False,2,0.4714722632356043,False,3,3,1,False,False,2,False,-5.131280909527934,-1.565347884257843,1
0,3,10,32,True,7,0.5352246361527104,False,7,3,4,False,False,3,True,-5.1489016232660205,4.002596051153855,0
0,3,19,50,False,11,0.6464880826829783,False,14,2,1,False,False,4,True,15.695079315858358,1.5017794620521965,0
0,1,13,37,False,8,0.09407298038388524,True,9,3,4,False,False,1,False,0.8054906587389823,3.3394429895406663,0
1,3,9,29,True,7,0.34507487871757014,False,8,3,4,False,False,3,False,-7.554605729685182,6.227280636230556,1
0,3,9,31,False,2,0.45496730647542716,False,3,3,1,False,False,1,False,-8.462565442897311,-0.22760584614946744,0
0,1,5,38,False,4,0.14200590592701962,False,5,2,3,False,True,4,False,-5.454135523995138,-3.271417546738606,0
0,2,7,27,True,7,0.4731069394642481,False,7,3,3,False,False,4,False,-10.578024526156309,6.254013004011431,0
0,1,7,41,False,0,0.06480700274203754,False,5,3,1,False,True,3,False,-2.734831035155665,-6.15445557844375,0
0,5,21,40,True,7,0.9817021725374393,False,20,2,3,False,False,3,True,11.465834819946558,10.47584466116001,0
0,2,8,30,False,3,0.16378401181185404,False,4,3,1,False,False,3,False,-9.408883646816037,1.148141180610187,0
0,2,10,30,False,7,0.1308795612739928,False,10,3,3,False,True,3,False,-5.696346304226946,7.14433656988862,0
0,1,1,34,False,0,0.05267875975532588,False,1,3,2,False,True,2,False,-12.582222095105607,-5.998833242294106,0
0,2,5,40,False,4,0.191415313225058,False,5,3,1,False,False,4,False,-4.004503092901551,-4.437072207235753,0
0,1,2,29,False,2,0.06791816072558532,True,2,3,2,False,False,4,False,-14.766827938425418,-1.3627350598790944,0
0,5,25,46,False,2,0.9529635098080573,False,4,3,2,False,False,4,True,12.49872759735895,-4.809018436811131,0
1,3,12,41,False,7,0.37861210715039023,False,9,3,3,False,False,3,False,2.9040441093717106,0.41862836565443295,0
0,2,10,39,False,2,0.249261759122548,False,3,1,3,False,False,1,False,-2.407818267228407,-4.787022169037163,0
0,1,8,29,False,5,0.12033326302467832,False,7,3,2,False,False,4,False,-8.947489402363772,4.477801458414561,0
0,4,31,52,False,2,0.8197637629192154,False,5,3,4,False,False,4,False,20.669668264901837,-6.398021349166678,0
1,1,8,37,False,4,0.10477747310693945,False,6,3,3,False,False,3,False,-3.9148504415364016,-1.3300213977946491,0
1,1,8,44,False,2,0.11527103986500738,False,2,3,4,False,False,3,False,-0.6353948172777422,-8.932227606720309,0
0,2,5,45,False,1,0.17280109681501793,False,1,3,1,False,False,1,False,-2.2459956517096487,-11.228947806287314,1
0,2,5,47,True,0,0.10372284328200802,True,0,3,3,False,False,2,False,-1.3445985631207122,-13.466646062482612,0
0,1,18,37,False,7,0.10678126977430923,False,18,3,1,False,True,4,False,6.57240560401339,10.066623467311835,0
1,2,8,41,True,4,0.2628137523729171,False,6,3,4,False,False,2,False,-1.0983662761662671,-3.668364058896371,1
0,2,15,57,False,2,0.3029951487028053,False,3,3,3,False,False,4,False,13.130247161875012,-14.402813045353605,0
0,1,0,18,True,0,0.04719468466568234,False,0,3,3,False,True,3,False,-24.51127909797118,2.641285330266136,1
0,2,9,32,False,1,0.29835477747310696,False,5,3,4,False,False,3,False,-7.3971223346929555,0.10150980455472514,0
1,3,11,33,True,0,0.3983864163678549,False,0,3,1,False,False,1,False,-7.042392684442845,-3.7396635547369694,1
0,1,4,32,False,0,0.06881459607677705,False,3,3,4,False,True,4,False,-11.434080537791406,-2.789572001170841,0
1,1,11,39,True,0,0.13905294241721156,False,1,2,1,False,True,1,False,-2.773685531841039,-6.723531512453823,1
1,3,31,58,False,9,0.4745306897279056,False,10,2,1,False,False,3,False,27.30725998250216,-4.001651396116634,1
1,2,10,31,True,5,0.29387260071714827,False,6,3,4,False,False,2,False,-6.5300938959329216,3.1232889743925654,0
0,1,6,39,True,2,0.15265766715882723,False,5,3,1,False,False,3,False,-4.434886748150916,-4.4204627373147165,1
0,3,9,27,False,7,0.33763973845180345,False,9,3,1,False,False,3,False,-8.618282466897277,8.071261579432875,0
1,1,6,44,True,4,0.10161358363214511,False,6,3,3,False,False,3,False,-0.39262280327233867,-5.953750140756172,1
0,1,8,45,False,3,0.06649441046192786,False,5,3,4,False,True,4,False,1.1101118628563214,-7.149659820560414,0
0,4,22,40,False,3,0.6588272516346763,False,22,2,2,False,False,3,False,12.017019048608269,10.456194323312285,0
0,3,14,47,False,8,0.5773043661674753,False,13,3,2,False,False,3,True,9.681698593497998,0.3484970394019822,0
0,1,9,34,True,2,0.06865640160303733,False,3,3,2,False,False,4,False,-6.563083213966454,-2.099103669431468,0
0,2,20,44,True,11,0.18624762708289389,False,20,3,4,False,False,4,False,13.952852896438522,9.270230841284299,0
0,2,17,36,False,7,0.191415313225058,False,15,4,1,False,False,1,False,4.420834777661959,8.478269950703899,0
0,1,3,27,False,2,0.19046614638261972,False,3,1,3,False,True,1,False,-15.188523927710914,0.7435396028302605,0
1,1,6,24,True,3,0.11564016030373338,True,5,3,2,True,False,1,False,-14.578975408748615,4.913516507469614,1
0,3,20,39,True,6,0.5235709765872179,False,19,3,3,True,False,3,False,9.524662917893409,9.708062312823495,0
1,1,2,36,False,0,0.12544821767559589,False,1,2,3,False,False,4,False,-10.569659080435752,-6.953455917734571,1
0,3,16,50,True,2,0.43234549673064754,False,2,3,4,False,False,3,False,8.731398005483676,-10.63019640375432,0
0,4,22,41,True,10,0.7912887576460662,False,22,3,2,False,False,4,False,13.775500561320847,12.531384508946422,0
1,2,10,31,False,2,0.2726218097447796,False,10,3,3,False,False,4,False,-5.7747508643244565,4.638016165329963,1
0,5,21,39,False,9,0.9630352246361527,False,21,2,4,False,False,3,False,11.388973984525528,12.508035645424176,0
1,1,6,44,True,3,0.07524783800885888,False,4,3,4,False,False,2,False,-1.1526377933103404,-7.664605051641322,0
0,2,5,33,True,3,0.17459396751740142,False,5,2,2,False,False,4,False,-8.966963839746537,-0.6412789318356502,0
0,2,6,33,False,0,0.3213984391478591,False,5,3,3,False,False,3,False,-8.779695244094725,-1.5582192156027688,0
0,2,9,37,False,2,0.24899810166631514,False,6,2,4,False,False,3,False,-3.5087478267586576,-1.8218453745181389,0
0,1,17,37,False,4,0.12882303311537652,False,5,3,1,False,True,3,False,1.5184499635227127,0.013279295046030981,0
0,1,5,27,False,3,0.10715039021303523,True,4,3,1,False,False,3,False,-13.46013413802288,2.2204725529639617,1
0,1,6,29,False,2,0.08104830204598186,False,2,2,2,True,False,3,False,-12.207075616325039,-0.45000665300699794,1
0,3,24,44,False,6,0.48718624762708296,False,22,2,4,False,False,1,False,16.432186347112975,9.648463522455877,0
0,1,5,23,False,2,0.09544399915629613,False,3,4,1,False,False,1,False,-16.65277090207362,3.5531311195702386,0
0,1,7,43,False,4,0.05695001054629825,False,5,4,4,False,False,4,False,-0.7399742660006012,-5.802104887161017,0
1,1,10,29,False,7,0.12286437460451381,False,7,3,3,True,True,2,False,-7.367587159525584,5.705474302309588,1
0,1,8,27,False,6,0.19853406454334532,False,7,2,1,False,False,4,False,-10.165951326619663,6.052782498949642,0
0,3,14,46,False,7,0.33247205230963933,False,8,3,2,False,False,3,False,7.307569386562605,-2.785146945199722,1
0,1,8,32,True,4,0.10699219573929551,False,5,3,3,False,False,3,False,-7.653650610352287,0.977042263710171,0
1,3,10,37,True,0,0.3497679814385151,False,10,3,2,False,False,1,False,-1.891941975697101,0.33549734821069066,0
0,2,12,30,False,9,0.10878506644167897,False,12,3,1,False,True,3,False,-3.5054394335876466,9.685106553050378,0
0,2,8,38,True,7,0.15919637207340226,False,7,2,4,False,False,4,False,-2.3956605584710218,-0.06639960765892816,0
0,2,6,33,False,2,0.23708078464458976,False,6,3,4,False,False,4,False,-8.170351585224012,-0.12224893206255594,0
1,2,10,43,False,7,0.24625606412149337,False,8,3,3,False,True,4,False,2.613876907380579,-1.936760740598169,0
0,2,10,32,False,4,0.27478380088588905,False,10,3,2,False,False,2,False,-4.77522425929039,4.80593391929335,0
0,1,6,31,False,2,0.1301413203965408,False,5,3,3,False,True,2,False,-9.922867029081353,0.358135126494334,0
0,2,9,52,False,2,0.11284539126766506,False,5,3,3,False,True,4,False,6.46914897681792,-11.444873202046425,0
1,4,23,44,False,11,0.6491773887365535,False,12,4,4,False,False,4,False,13.58552343982219,4.68219171278043,0
0,1,8,29,False,3,0.08031006116852986,False,4,2,4,False,True,1,False,-10.167583803679214,1.7281302331210053,0
1,1,8,33,False,4,0.07524783800885888,False,5,3,4,False,True,3,False,-6.970420153929716,0.3868824675696505,1
1,2,4,31,False,2,0.18719679392533223,False,2,1,3,False,False,2,False,-12.036220198083221,-2.0413964104500533,1
1,3,10,37,False,8,0.5893271461716938,False,10,3,4,False,False,2,True,-0.6443833808560697,3.4170679606555705,0
0,1,7,38,False,0,0.12112423539337693,False,0,3,3,False,True,4,False,-6.315138593648939,-7.697273432051299,0
0,1,8,33,False,7,0.09212191520776207,False,8,3,2,False,False,4,False,-5.590841910516463,3.527996085011919,0
